{"stats":{"minecraft:custom":{"minecraft:jump":31,"minecraft:time_since_rest":837,"minecraft:crouch_one_cm":58,"minecraft:leave_game":3,"minecraft:play_time":14791,"minecraft:sprint_one_cm":6602,"minecraft:deaths":4,"minecraft:time_since_death":830,"minecraft:walk_one_cm":10169,"minecraft:sneak_time":83,"minecraft:total_world_time":14791,"minecraft:fall_one_cm":267,"minecraft:fly_one_cm":8765},"minecraft:picked_up":{"minecraft:grass_block":1,"minecraft:brick_stairs":1,"minecraft:bricks":64},"minecraft:used":{"minecraft:brick_stairs":39,"minecraft:bricks":312,"minecraft:grass_block":3}},"DataVersion":2975}