{"stats":{"minecraft:custom":{"minecraft:jump":33,"minecraft:time_since_rest":3176,"minecraft:crouch_one_cm":137,"minecraft:leave_game":3,"minecraft:play_time":19479,"minecraft:sprint_one_cm":7173,"minecraft:time_since_death":3167,"minecraft:walk_one_cm":11023,"minecraft:deaths":5,"minecraft:sneak_time":105,"minecraft:total_world_time":19479,"minecraft:fall_one_cm":267,"minecraft:fly_one_cm":10821},"minecraft:used":{"minecraft:brick_stairs":39,"minecraft:bricks":312,"minecraft:grass_block":3},"minecraft:picked_up":{"minecraft:grass_block":1,"minecraft:brick_stairs":1,"minecraft:bricks":64}},"DataVersion":2975}