{"stats":{"minecraft:custom":{"minecraft:jump":59,"minecraft:time_since_rest":18234,"minecraft:crouch_one_cm":3604,"minecraft:leave_game":4,"minecraft:play_time":34537,"minecraft:sprint_one_cm":16643,"minecraft:time_since_death":18225,"minecraft:walk_one_cm":17435,"minecraft:deaths":5,"minecraft:sneak_time":1380,"minecraft:total_world_time":34537,"minecraft:fall_one_cm":267,"minecraft:fly_one_cm":61737},"minecraft:used":{"minecraft:spruce_slab":9,"minecraft:brick_stairs":39,"minecraft:bricks":312,"minecraft:barrier":57,"minecraft:grass_block":3},"minecraft:picked_up":{"minecraft:ladder":3,"minecraft:grass_block":1,"minecraft:brick_stairs":1,"minecraft:bricks":64}},"DataVersion":2975}