{"stats":{"minecraft:custom":{"minecraft:jump":36,"minecraft:time_since_rest":14336,"minecraft:crouch_one_cm":27,"minecraft:leave_game":3,"minecraft:play_time":14336,"minecraft:sprint_one_cm":2944,"minecraft:time_since_death":14336,"minecraft:walk_one_cm":8015,"minecraft:sneak_time":99,"minecraft:total_world_time":14336,"minecraft:fly_one_cm":19209},"minecraft:picked_up":{"minecraft:ladder":3},"minecraft:used":{"minecraft:oak_log":6,"minecraft:campfire":3,"minecraft:coal_block":6,"voltystudios_dedsafio:carniverus_spawn_egg":9,"minecraft:dark_oak_log":27,"voltystudios_dedsafio:fogata_2":3}},"DataVersion":2975}