{"stats":{"minecraft:custom":{"minecraft:fill_cauldron":2,"minecraft:time_since_rest":14165,"minecraft:crouch_one_cm":294,"minecraft:sprint_one_cm":24496,"minecraft:play_time":34354,"minecraft:walk_one_cm":34281,"minecraft:deaths":1,"minecraft:sneak_time":298,"minecraft:jump":152,"minecraft:damage_dealt":9,"minecraft:leave_game":4,"minecraft:time_since_death":14162,"minecraft:total_world_time":34354,"minecraft:fly_one_cm":123663},"minecraft:used":{"minecraft:oak_log":6,"minecraft:moss_block":27,"minecraft:water_bucket":2,"minecraft:coal_block":6,"minecraft:bricks":3,"minecraft:dark_oak_log":27,"voltystudios_dedsafio:fogata_2":3,"minecraft:grass_block":6,"minecraft:stone_button":102,"minecraft:campfire":6,"minecraft:coarse_dirt":9,"voltystudios_dedsafio:carniverus_spawn_egg":9,"minecraft:spruce_fence_gate":3},"minecraft:picked_up":{"minecraft:ladder":3,"minecraft:campfire":1,"voltystudios_dedsafio:fogata_2":1,"minecraft:oak_log":1,"minecraft:dark_oak_log":1}},"DataVersion":2975}