{"stats":{"minecraft:picked_up":{"voltystudios_dedsafio:dungeon_armor_helmet":2,"minecraft:ladder":2,"voltystudios_dedsafio:dungeon_armor_leggings":2,"voltystudios_dedsafio:dungeon_armor_chestplate":2,"voltystudios_dedsafio:dungeon_armor_boots":2},"minecraft:custom":{"minecraft:time_since_rest":12705,"minecraft:crouch_one_cm":1923,"minecraft:deaths":2,"minecraft:play_time":23158,"minecraft:sprint_one_cm":6323,"minecraft:damage_taken":1010,"minecraft:walk_one_cm":25722,"minecraft:sneak_time":818,"minecraft:mob_kills":2,"minecraft:jump":73,"minecraft:damage_dealt":1000,"minecraft:time_since_death":12705,"minecraft:total_world_time":23158,"minecraft:fall_one_cm":10646,"minecraft:fly_one_cm":19498},"minecraft:used":{"minecraft:calcite":288,"voltystudios_dedsafio:dungeon_armor_leggings":1,"voltystudios_dedsafio:espada_belica":10,"voltystudios_dedsafio:pillager_celestial_spawn_egg":6,"voltystudios_dedsafio:dungeon_armor_boots":1,"voltystudios_dedsafio:fogata_2":3,"voltystudios_dedsafio:dungeon_armor_chestplate":1,"minecraft:polished_diorite_stairs":12,"minecraft:campfire":3,"voltystudios_dedsafio:dungeon_armor_helmet":1,"minecraft:spruce_log":21,"minecraft:polished_diorite":99},"minecraft:killed":{"voltystudios_dedsafio:pillager_celestial":2}},"DataVersion":2975}