{"stats":{"minecraft:picked_up":{"voltystudios_dedsafio:dungeon_armor_helmet":2,"voltystudios_dedsafio:dungeon_armor_chestplate":2,"voltystudios_dedsafio:dungeon_armor_boots":2,"voltystudios_dedsafio:dungeon_armor_leggings":2},"minecraft:custom":{"minecraft:jump":7,"minecraft:time_since_rest":705,"minecraft:sprint_one_cm":947,"minecraft:walk_one_cm":646,"minecraft:play_time":11158,"minecraft:damage_taken":1010,"minecraft:time_since_death":705,"minecraft:deaths":2,"minecraft:total_world_time":11158,"minecraft:fall_one_cm":10646,"minecraft:fly_one_cm":748},"minecraft:used":{"voltystudios_dedsafio:dungeon_armor_chestplate":1,"voltystudios_dedsafio:dungeon_armor_leggings":1,"voltystudios_dedsafio:pillager_celestial_spawn_egg":3,"voltystudios_dedsafio:dungeon_armor_helmet":1,"voltystudios_dedsafio:dungeon_armor_boots":1}},"DataVersion":2975}