{"stats":{"minecraft:picked_up":{"minecraft:spruce_pressure_plate":1,"voltystudios_dedsafio:dungeon_armor_helmet":2,"minecraft:ladder":2,"voltystudios_dedsafio:dungeon_armor_leggings":2,"minecraft:dandelion":1,"voltystudios_dedsafio:dungeon_armor_chestplate":2,"voltystudios_dedsafio:dungeon_armor_boots":2},"minecraft:custom":{"minecraft:fill_cauldron":1,"minecraft:time_since_rest":24705,"minecraft:crouch_one_cm":3251,"minecraft:deaths":2,"minecraft:play_time":35158,"minecraft:sprint_one_cm":6559,"minecraft:damage_taken":1010,"minecraft:walk_one_cm":57712,"minecraft:sneak_time":1231,"minecraft:mob_kills":2,"minecraft:jump":140,"minecraft:damage_dealt":1000,"minecraft:time_since_death":24705,"minecraft:total_world_time":35158,"minecraft:fall_one_cm":10646,"minecraft:fly_one_cm":36551},"minecraft:used":{"minecraft:calcite":378,"minecraft:oak_leaves":84,"voltystudios_dedsafio:dungeon_armor_leggings":1,"voltystudios_dedsafio:espada_belica":10,"voltystudios_dedsafio:pillager_celestial_spawn_egg":6,"voltystudios_dedsafio:dungeon_armor_boots":1,"voltystudios_dedsafio:fogata_2":3,"minecraft:grass_block":72,"voltystudios_dedsafio:laptop_de_nutrias":3,"voltystudios_dedsafio:dungeon_armor_chestplate":1,"minecraft:polished_diorite_stairs":78,"minecraft:polished_diorite_slab":135,"minecraft:campfire":3,"minecraft:magenta_concrete":3,"minecraft:cyan_concrete":15,"voltystudios_dedsafio:dungeon_armor_helmet":1,"minecraft:spruce_log":21,"minecraft:spruce_fence_gate":3,"minecraft:grass":12,"minecraft:polished_diorite":225,"minecraft:water_bucket":1},"minecraft:killed":{"voltystudios_dedsafio:pillager_celestial":2}},"DataVersion":2975}