{"stats":{"minecraft:picked_up":{"minecraft:spruce_pressure_plate":1,"minecraft:ladder":2,"minecraft:dandelion":1,"voltystudios_dedsafio:dungeon_armor_chestplate":2,"voltystudios_dedsafio:dungeon_armor_boots":2,"voltystudios_dedsafio:dungeon_armor_helmet":2,"voltystudios_dedsafio:dungeon_armor_leggings":2},"minecraft:custom":{"minecraft:time_since_rest":36705,"minecraft:sprint_one_cm":7994,"minecraft:damage_taken":1010,"minecraft:walk_one_cm":73386,"minecraft:mob_kills":2,"minecraft:damage_dealt":1000,"minecraft:fly_one_cm":51728,"minecraft:fill_cauldron":1,"minecraft:crouch_one_cm":6240,"minecraft:play_time":47158,"minecraft:deaths":2,"minecraft:sneak_time":1546,"minecraft:jump":170,"minecraft:time_since_death":36705,"minecraft:total_world_time":47158,"minecraft:fall_one_cm":10646},"minecraft:used":{"voltystudios_dedsafio:peluche_nutrias":6,"minecraft:calcite":387,"minecraft:water_bucket":1,"voltystudios_dedsafio:dungeon_armor_boots":1,"voltystudios_dedsafio:rodolfo":9,"minecraft:grass_block":72,"voltystudios_dedsafio:laptop_de_nutrias":3,"minecraft:oak_sign":6,"minecraft:polished_diorite_slab":135,"minecraft:chest":12,"minecraft:cyan_concrete":18,"minecraft:magenta_concrete":6,"voltystudios_dedsafio:dungeon_armor_helmet":1,"minecraft:grass":12,"minecraft:spruce_fence_gate":3,"minecraft:barrel":33,"minecraft:oak_leaves":84,"voltystudios_dedsafio:dungeon_armor_leggings":1,"voltystudios_dedsafio:espada_belica":10,"minecraft:torch":18,"voltystudios_dedsafio:pillager_celestial_spawn_egg":6,"voltystudios_dedsafio:poster_2":3,"voltystudios_dedsafio:fogata_2":3,"minecraft:furnace":18,"voltystudios_dedsafio:silla_6":30,"minecraft:blast_furnace":6,"voltystudios_dedsafio:dungeon_armor_chestplate":1,"minecraft:polished_diorite_stairs":78,"minecraft:campfire":3,"minecraft:spruce_log":21,"minecraft:polished_diorite":234},"minecraft:killed":{"voltystudios_dedsafio:pillager_celestial":2}},"DataVersion":2975}