{"stats":{"minecraft:custom":{"minecraft:jump":55,"minecraft:time_since_rest":19240,"minecraft:damage_dealt":9,"minecraft:crouch_one_cm":206,"minecraft:leave_game":3,"minecraft:play_time":19240,"minecraft:sprint_one_cm":2944,"minecraft:time_since_death":19240,"minecraft:walk_one_cm":14691,"minecraft:sneak_time":136,"minecraft:total_world_time":19240,"minecraft:fly_one_cm":46107},"minecraft:used":{"minecraft:oak_log":6,"minecraft:moss_block":6,"minecraft:campfire":3,"minecraft:coal_block":6,"minecraft:bricks":3,"voltystudios_dedsafio:carniverus_spawn_egg":9,"minecraft:dark_oak_log":27,"voltystudios_dedsafio:fogata_2":3},"minecraft:picked_up":{"minecraft:ladder":3}},"DataVersion":2975}